<?xml version="1.0" encoding="UTF-8" standalone="yes"?>
<addon id="service.subtitles.opensubtitles_by_opensubtitles_by_nice"
       name="OpenSubtitles.org by OpenSubtitles"
       version="5.2.16"
       provider-name="amet, opensubtitles">
  <requires>
    <import addon="script.module.subs2n" version="1.0.0"/>
    <import addon="script.module.chardet" />
    <import addon="xbmc.python" version="3.0.0"/>
  </requires>
  <extension point="xbmc.subtitle.module"
             library="service.py" />
  <extension point="xbmc.addon.metadata">
    <summary lang="en_GB">OpenSubtitles by OpenSubtitles.org</summary>
    <description lang="en_GB">Anonymously search and download subtitles for movies and TV-Series from OpenSubtitles.org without log-in. Search in 75 languages, 4.000.000+ subtitles, daily updates. </description>
    <platform>all</platform>
    <license>GNU GENERAL PUBLIC LICENSE. Version 2, June 1991</license>
    <forum>https://forum.opensubtitles.org/viewtopic.php?f=8&amp;t=15847</forum>
    <website>http://www.opensubtitles.org</website>
    <email>admin [at] opensubtitles {dot} org</email>                                               
	<assets>
	    <icon>icon.png</icon>
	    <fanart>logo.jpg</fanart>    			
	</assets>
    <source>https://github.com/opensubtitles/service.subtitles.opensubtitles_by_opensubtitles</source>    
  </extension>
</addon>
