<?xml version="1.0" encoding="UTF-8" standalone="yes"?>
<addon id="plugin.video.xemganday" name="Xem Gần Đây" version="6.1.1" provider-name="Luis Rodrigues">
	<extension point="xbmc.python.pluginsource" library="addon.py">
		<provides>video</provides>
	</extension>
	<extension point="xbmc.service" library="default.py" />
	<extension point="xbmc.addon.metadata">
		<summary lang="en_GB">Xem Gần Đây</summary>
		<description lang="en_GB">Danh sách các phim, tập và nhạc đã phát gần đây nhất, bao gồm các nguồn phát trực tuyến từ bất kỳ addon nào</description>
		<disclaimer lang="en_GB"></disclaimer>
		<platform>all</platform>
		<license>GNU GENERAL PUBLIC LICENSE Version 3, 29 June 2007</license>
		<source>https://github.com/LamBassVN/lambasskodi/raw/matrix/zips/plugin.video.xemganday</source>
		<assets>
			<icon>icon.png</icon>
		</assets>
	</extension>
</addon>
