<?xml version="1.0" encoding="UTF-8" standalone="yes"?>
<addon id="service.subtitles.subscenenice"
       name="Subscene 2022"
       version="1.0.0"
       provider-name="NICE">
    <requires>
        <!-- <import addon="xbmc.python" version="3.0.0"/> -->
        <import addon="script.module.six" />
        <import addon="script.module.kodi-six" />
        <import addon="script.module.requests" />
    </requires>
    <extension point="xbmc.subtitle.module" library="service.py"/>
    <extension point="xbmc.addon.metadata">
        <summary lang="en">SUBSCENE HỔ TRỢ KODI 19.4</summary>
        <description lang="en">SUBSCENE HỔ TRỢ KODI 19.4
Liên Hệ: Fb.Com/PhatDatPQ
Donate: 
        ♥ Argibank ♥
        ♥ 7790205260097 ♥
        ♥ ĐOÀN PHÁT ĐẠT ♥
ĐÓNG GÓP CHO CỘNG ĐỒNG KODI VN - VUI LÒNG KHÔNG MANG ĐI THƯƠNG MẠI. CẢM ƠN ♥
        </description>
        <disclaimer lang="en"/>
        <platform>all</platform>
        <language/>
        <license>GNU GENERAL PUBLIC LICENSE. Version 2, June 1991</license>
        <forum>https://www.facebook.com/groups/704400303417098</forum>
        <website/>
        <email/>
        <source>https://github.com/manacker/service.subtitles.subscene</source>
        <news>
[v1.0.0]:
  * Subscene Hổ Trợ Kodi 19.4
        </news>
        <assets>
        <icon>icon.png</icon>
        </assets>		
    </extension>
</addon>
