<?xml version="1.0" encoding="UTF-8" standalone="yes"?>
<addon id="script.favourites" name="Favourites script" version="8.1.2" provider-name="ronie, `Black">
	<requires>
		<import addon="xbmc.python" version="3.0.0"/>
	</requires>
	<extension point="xbmc.python.library" library="default.py"/>
	<extension point="xbmc.addon.metadata">
		<summary lang="en_GB">Favourites script</summary>
		<summary lang="vi_VN">Favourites script</summary>		
		<description lang="en_GB">Fetches item from your Kodi favourites to populate Home menu/submenu with custom buttons.</description>
		<description lang="vi_VN">Fetches item from your Kodi favourites to populate Home menu/submenu with custom buttons.</description>		
		<disclaimer lang="en_GB">Needs skin support for it to be used properly</disclaimer>
		<disclaimer lang="vi_VN">Needs skin support for it to be used properly</disclaimer>		
		<platform>all</platform>
		<license>GPL-2.0-only</license>
		<forum>https://forum.kodi.tv/showthread.php?tid=114671</forum>
		<source>https://gitlab.com/ronie/script.favourites</source>
		<assets>
			<icon>icon.png</icon>
		</assets>
	</extension>
</addon>
