<?xml version="1.0" encoding="UTF-8" standalone="yes"?>
<addon id="script.embuary.info" name="Embuary Info" version="2.0.9" provider-name="sualfred">
    <requires>
        <import addon="xbmc.python" version="3.0.0"/>
        <import addon="script.module.requests" version="2.9.1"/>
        <import addon="script.module.arrow" version="0.10.0"/>
        <import addon="script.module.simplecache" version="2.0.2" />
        <import addon="script.module.routing" version="0.2.0"/>
    </requires>
    <extension point="xbmc.python.script" library="default.py">
        <provides>executable</provides>
    </extension>
    <extension point="xbmc.service" library="service.py" />
    <extension point="xbmc.python.pluginsource" library="plugin.py" />	
    <extension point="xbmc.addon.metadata">
        <summary lang="en_GB">Embuary Info Script</summary>
        <description lang="en_GB">Helper script to provide The Movie DB informations for persons, shows and movies. Works best with a skin integration.</description>
        <platform>all</platform>
        <license>Apache-2.0</license>
        <forum>https://forum.kodi.tv/showthread.php?tid=346034</forum>
        <source>https://github.com/sualfred/script.embuary.info</source>
        <assets>
            <icon>icon.png</icon>
        </assets>
    </extension>
</addon>