<?xml version="1.0" encoding="UTF-8" standalone="yes"?>
<addon
	id="service.languagepreferencemanager.leia"
	name="Language Preference Manager - Leia"
	version="0.0.7-Leia"
	provider-name="ace20022"
	>
	<requires>
		<import addon="xbmc.python" version="2.14.0"/>
	</requires>
	<extension point="xbmc.service" library="default.py" start="login"/>
	<extension point="xbmc.python.script" library="default.py">
		<provides>executable</provides>
	</extension>
	<extension point="xbmc.addon.metadata">
		<summary lang="en">Language Preference Manager</summary>
		<description lang="en">Sets the audio and subtitle track according to your language preferences</description>
		<disclaimer lang="en">For bugs, requests or general questions visit the Language Preference Manager thread on the Kodi forum.</disclaimer>
		<platform>all</platform>
		<assets>
			<icon>icon.png</icon>
		</assets>		
	</extension>
</addon>
