<?xml version="1.0" encoding="UTF-8" standalone="yes"?>
<addon id="script.image.resource.select" name="Image Resource Select Addon" version="3.0.2" provider-name="ronie">
	<requires>
		<import addon="xbmc.python" version="3.0.0"/>
	</requires>
	<extension point="xbmc.python.library" library="default.py"/>
	<extension point="xbmc.addon.metadata">
		<summary lang="en_GB">Image resource selection addon</summary>
		<description lang="en_GB">Script for skinners to let users select an image resource addon.</description>
		<platform>all</platform>
		<license>GPL-2.0-only</license>
		<forum>https://forum.kodi.tv/showthread.php?tid=239558</forum>
		<source>https://gitlab.com/ronie/script.image.resource.select</source>
		<assets>
			<icon>icon.png</icon>
		</assets>
		<news>- code refactor</news>
	</extension>
</addon>
