<?xml version="1.0" encoding="UTF-8" standalone="yes"?>
<addon id="script.skinshortcuts" name="Skin Shortcuts" version="2.0.2" provider-name="BigNoid, marcelveldt, SiLVO">
    <requires>
        <import addon="xbmc.python" version="3.0.0"/>
        <import addon="script.module.unidecode" version="1.1.1+matrix.2"/>
        <import addon="script.module.simpleeval" version="0.9.10"/>
    </requires>
    <extension point="xbmc.python.library" library="resources/lib/entry_point.py"/>
    <extension point="xbmc.addon.metadata">
        <platform>all</platform>
        <license>GPL-2.0-only</license>
        <forum>https://www.facebook.com/tofu.mamtom/</forum>
        <source>https://github.com/LamBassVN/lambasskodi/raw/matrix/zips/script.skinshortcuts</source>
        <assets>
            <icon>icon.png</icon>
        </assets>
        <description lang="en_GB">Tiện ích bổ sung cho giao diện để cung cấp việc quản lý và liệt kê các phím tắt của người dùng một cách đơn giản (yêu cầu hỗ trợ giao diện)</description>
    </extension>
</addon>
