<?xml version="1.0" encoding="UTF-8" standalone="yes"?>
<addon id="script.module.subs2n" name="subs2n module" version="1.0.0" provider-name="NICE">
    <requires>
        <import addon="xbmc.python" version="3.0.0"/>
    </requires>
    <extension point="xbmc.python.module" library="lib" />
    <extension point="xbmc.addon.metadata">
        <summary lang="en_GB">Provides SubS2N library functionality for Kodi addons</summary>
        <description lang="en_GB">Provides SubS2N library functionality for Kodi addons</description>
        <disclaimer lang="en_GB" >May contain a bug</disclaimer>
        <platform>all</platform>
        <license>MIT</license>
        <source>https://nicerepo.cf</source>
        <assets>
            <icon>icon.png</icon>
        </assets>
    </extension>
</addon>
